{
    "feature_names": [
        "anxiety_level",
        "self_esteem",
        "mental_health_history",
        "depression",
        "headache",
        "blood_pressure",
        "sleep_quality",
        "breathing_problem",
        "noise_level",
        "living_conditions",
        "safety",
        "basic_needs",
        "academic_performance",
        "study_load",
        "teacher_student_relationship",
        "future_career_concerns",
        "social_support",
        "peer_pressure",
        "extracurricular_activities",
        "bullying"
    ],
    "stats": {
        "anxiety_level": {
            "count": 1100.0,
            "mean": 11.063636363636364,
            "std": 6.117558185828904,
            "min": 0.0,
            "25%": 6.0,
            "50%": 11.0,
            "75%": 16.0,
            "max": 21.0
        },
        "self_esteem": {
            "count": 1100.0,
            "mean": 17.777272727272727,
            "std": 8.944599064677352,
            "min": 0.0,
            "25%": 11.0,
            "50%": 19.0,
            "75%": 26.0,
            "max": 30.0
        },
        "mental_health_history": {
            "count": 1100.0,
            "mean": 0.49272727272727274,
            "std": 0.5001745083837833,
            "min": 0.0,
            "25%": 0.0,
            "50%": 0.0,
            "75%": 1.0,
            "max": 1.0
        },
        "depression": {
            "count": 1100.0,
            "mean": 12.555454545454545,
            "std": 7.727008355046028,
            "min": 0.0,
            "25%": 6.0,
            "50%": 12.0,
            "75%": 19.0,
            "max": 27.0
        },
        "headache": {
            "count": 1100.0,
            "mean": 2.5081818181818183,
            "std": 1.4093559611853959,
            "min": 0.0,
            "25%": 1.0,
            "50%": 3.0,
            "75%": 3.0,
            "max": 5.0
        },
        "blood_pressure": {
            "count": 1100.0,
            "mean": 2.1818181818181817,
            "std": 0.833574564582657,
            "min": 1.0,
            "25%": 1.0,
            "50%": 2.0,
            "75%": 3.0,
            "max": 3.0
        },
        "sleep_quality": {
            "count": 1100.0,
            "mean": 2.66,
            "std": 1.5483825838673264,
            "min": 0.0,
            "25%": 1.0,
            "50%": 2.5,
            "75%": 4.0,
            "max": 5.0
        },
        "breathing_problem": {
            "count": 1100.0,
            "mean": 2.7536363636363634,
            "std": 1.400713276814644,
            "min": 0.0,
            "25%": 2.0,
            "50%": 3.0,
            "75%": 4.0,
            "max": 5.0
        },
        "noise_level": {
            "count": 1100.0,
            "mean": 2.649090909090909,
            "std": 1.3281268462931117,
            "min": 0.0,
            "25%": 2.0,
            "50%": 3.0,
            "75%": 3.0,
            "max": 5.0
        },
        "living_conditions": {
            "count": 1100.0,
            "mean": 2.518181818181818,
            "std": 1.1192079139003541,
            "min": 0.0,
            "25%": 2.0,
            "50%": 2.0,
            "75%": 3.0,
            "max": 5.0
        },
        "safety": {
            "count": 1100.0,
            "mean": 2.7372727272727273,
            "std": 1.4061711830285162,
            "min": 0.0,
            "25%": 2.0,
            "50%": 2.0,
            "75%": 4.0,
            "max": 5.0
        },
        "basic_needs": {
            "count": 1100.0,
            "mean": 2.772727272727273,
            "std": 1.4337609438834202,
            "min": 0.0,
            "25%": 2.0,
            "50%": 3.0,
            "75%": 4.0,
            "max": 5.0
        },
        "academic_performance": {
            "count": 1100.0,
            "mean": 2.772727272727273,
            "std": 1.414593707664238,
            "min": 0.0,
            "25%": 2.0,
            "50%": 2.0,
            "75%": 4.0,
            "max": 5.0
        },
        "study_load": {
            "count": 1100.0,
            "mean": 2.6218181818181816,
            "std": 1.3157810135954517,
            "min": 0.0,
            "25%": 2.0,
            "50%": 2.0,
            "75%": 3.0,
            "max": 5.0
        },
        "teacher_student_relationship": {
            "count": 1100.0,
            "mean": 2.648181818181818,
            "std": 1.3845785119378664,
            "min": 0.0,
            "25%": 2.0,
            "50%": 2.0,
            "75%": 4.0,
            "max": 5.0
        },
        "future_career_concerns": {
            "count": 1100.0,
            "mean": 2.649090909090909,
            "std": 1.5293754162083746,
            "min": 0.0,
            "25%": 1.0,
            "50%": 2.0,
            "75%": 4.0,
            "max": 5.0
        },
        "social_support": {
            "count": 1100.0,
            "mean": 1.8818181818181818,
            "std": 1.0478264533233665,
            "min": 0.0,
            "25%": 1.0,
            "50%": 2.0,
            "75%": 3.0,
            "max": 3.0
        },
        "peer_pressure": {
            "count": 1100.0,
            "mean": 2.7345454545454544,
            "std": 1.4252650960184092,
            "min": 0.0,
            "25%": 2.0,
            "50%": 2.0,
            "75%": 4.0,
            "max": 5.0
        },
        "extracurricular_activities": {
            "count": 1100.0,
            "mean": 2.767272727272727,
            "std": 1.417562344687301,
            "min": 0.0,
            "25%": 2.0,
            "50%": 2.5,
            "75%": 4.0,
            "max": 5.0
        },
        "bullying": {
            "count": 1100.0,
            "mean": 2.617272727272727,
            "std": 1.53095800387489,
            "min": 0.0,
            "25%": 1.0,
            "50%": 3.0,
            "75%": 4.0,
            "max": 5.0
        },
        "stress_level": {
            "count": 1100.0,
            "mean": 0.9963636363636363,
            "std": 0.8216726845260947,
            "min": 0.0,
            "25%": 0.0,
            "50%": 1.0,
            "75%": 2.0,
            "max": 2.0
        }
    }
}